{"resources":[{"folders":[{"key":"f7ec91f9-79de-4c63-913d-2fc00f4cd711","folderPath":"f7ec91f9-79de-4c63-913d-2fc00f4cd711","solutionPath":"first","sourcePath":"first"}],"dependencies":[],"apiVersion":"actioncenter.uipath.com/v1","kind":"TaskCatalog","key":"f92a3a88-1b9b-4485-ad4b-c82d52523293","files":[]},{"folders":[{"key":"f7ec91f9-79de-4c63-913d-2fc00f4cd711","folderPath":"f7ec91f9-79de-4c63-913d-2fc00f4cd711","solutionPath":"first","sourcePath":"first"}],"dependencies":[{"key":"persistence_create_task:1.0.9","name":"persistence_create_task","namespace":"orchestrator.uipath.com","kind":"Package"}],"apiVersion":"orchestrator.uipath.com/v1","kind":"Process","key":"f8817d02-a33b-404f-8431-75112a5e42b9","files":[]},{"folders":[{"key":"f7ec91f9-79de-4c63-913d-2fc00f4cd711","folderPath":"f7ec91f9-79de-4c63-913d-2fc00f4cd711","solutionPath":"first","sourcePath":"first"}],"dependencies":[],"apiVersion":"orchestrator.uipath.com/v1","kind":"Asset","type":"StringAsset","key":"64f7e42a-8d54-40ae-8f36-d6e7a5fa8f5b","files":[]},{"folders":[{"key":"f7ec91f9-79de-4c63-913d-2fc00f4cd711","folderPath":"f7ec91f9-79de-4c63-913d-2fc00f4cd711","solutionPath":"first","sourcePath":"first"}],"dependencies":[],"apiVersion":"orchestrator.uipath.com/v1","kind":"Bucket","type":"OrchestratorBucket","key":"f8079ce8-8707-4010-8afa-779ea912c418","files":[]},{"folders":[],"dependencies":[],"apiVersion":"orchestrator.uipath.com/v1","kind":"Package","key":"persistence_create_task:1.0.9","files":[{"key":"persistence_create_task_1.0.9","kind":"Package","name":"persistence_create_task.1.0.9.nupkg","url":"files/persistence_create_task_1.0.9/persistence_create_task.1.0.9.nupkg"}]}],"files":[{"key":"persistence_create_task_1.0.9","kind":"Package","name":"persistence_create_task.1.0.9.nupkg","version":"1.0.9","url":"files/persistence_create_task_1.0.9/persistence_create_task.1.0.9.nupkg"}]}