[{"spec":{"encrypted":false,"tags":[{"key":"3 actions","value":""},{"key":"123","value":""},{"key":"12345667","value":""},{"key":"2action","value":""}],"name":"catalog 2","description":null},"resourceKey":"f92a3a88-1b9b-4485-ad4b-c82d52523293"},{"spec":{"name":"persistence_create_task","package":{"key":"persistence_create_task:1.0.9","name":"persistence_create_task","folderKey":null,"kind":null,"lookupStrategy":null,"info":null},"packageVersion":"1.0.9","entryPointUniqueId":"ac70b9b0-9071-4052-9ef6-3c6b64864e95","entryPointName":"Main.xaml","inputArguments":null,"inputArgumentsSchema":null,"jobPriority":"Medium","hiddenForAttendedUser":false,"alwaysRunning":false,"autoStartProcess":false,"jobRecording":"Disabled","duration":40,"frequency":500,"quality":100,"remoteControlAccess":"None","robotSize":"Automatic","retentionAction":"Delete","retentionPeriod":120,"retentionBucketRef":null,"staleRetentionAction":null,"staleRetentionPeriod":null,"staleRetentionBucketRef":null,"tags":[{"key":"newLabel","value":null},{"key":"createthis","value":""}],"connections":null,"description":"Blank Process"},"resourceKey":"f8817d02-a33b-404f-8431-75112a5e42b9"},{"spec":{"type":"Text","value":"ertrv","name":"asset2","description":null,"scope":"Global","accountMachineValues":null,"tags":[]},"resourceKey":"64f7e42a-8d54-40ae-8f36-d6e7a5fa8f5b"},{"spec":{"name":"CVs","description":null,"type":"Orchestrator","options":null,"tags":[]},"resourceKey":"f8079ce8-8707-4010-8afa-779ea912c418"},{"spec":{"fileName":"persistence_create_task.1.0.9.nupkg","fileReference":"persistence_create_task_1.0.9","name":"persistence_create_task","description":null},"resourceKey":"persistence_create_task:1.0.9"}]